SampleID	prediction
1788.mck241Pre.5Bubo.6	3.713699603089793
1788.mck248Pre.4Osse.3	1.142759126914328
1788.mck205Pre.5Raca.3	0.6329249998990345
