SampleID	prediction
Anbo_1	0.8564382634474795
Osse_5	0.8564382634474795
Anbo_3	3.1394078401567813
Raca_2	0.8564382634474795
Raca_1	0.8564382634474795
Anbo_5	2.850435353694855
Rapi_3	0.8564382634474795
Anbo_4	3.122435353422881
Osse_2	0.8564382634474795
Raca_3	0.8564382634474795
Osse_1	2.7055378669365413
