SampleID	prediction
Raca_2	1.2923440835331073
Raca_1	1.5687490258932888
Rhma_9	2.347052681498147
Osse_6	2.1590772005756413
Osse_2	1.8783707190601417
Osse_1	1.6202228835242478
Rapi_3	2.292289285668872
