SampleID	prediction
1788.mck226Pre.5Rapi.3	1.275000000017
1788.mck236Pre.5Bubo.1	4.3013333334649735
1788.mck251Pre.4Osse.6	1.5103333333279998
1788.mck208Pre.5Raca.6	1.2344999999669997
1788.mck249Pre.4Osse.4	1.673666666682
1788.mck206Pre.5Raca.4	0.8866666666440007
1788.mck214Pre.5Buma.2	1.0843333333080014
