SampleID	prediction
1788.mck221Pre.5Buma.9	1.7893333332699963
1788.mck203Pre.5Raca.1	0.5066666666459998
1788.mck239Pre.5Bubo.4	4.617666666698996
1788.mck226Pre.5Rapi.3	0.8116666666660004
1788.mck220Pre.5Buma.8	1.972666666651999
1788.mck251Pre.4Osse.6	0.8316666666300012
1788.mck240Pre.5Bubo.5	3.6716666666760003
1788.mck205Pre.5Raca.3	0.5283333332939999
1788.mck206Pre.5Raca.4	1.0613333333479993
