SampleID	prediction
Anbo_5	6.145111111120972
Rapi_3	4.763666666754952
Raca_1	0.6999999998930031
