SampleID	prediction
Osse_4	1.7383333333301656
Rhma_9	2.7303333332850017
Osse_2	1.6267222220626603
Raca_2	0.7669444442243404
Osse_6	2.881833333313171
Raca_3	2.232222221969327
Osse_1	2.3461666664824965
Rhma_2	2.616500000003002
Anbo_2	4.52066666657102
