SampleID	prediction
Anbo_2	3.3546666665930096
Osse_4	1.0949999999700013
Anbo_6	3.2666666665740127
Osse_5	1.0673333333080015
Raca_6	1.5306666665969997
Raca_1	1.5503333332879985
Raca_2	1.3529999999270002
