SampleID	prediction
Osse_1	1.0716666665350054
Anbo_2	4.363333333289341
Rapi_3	2.736999999893671
Anbo_5	4.447000000018326
Osse_6	1.476999999816996
