SampleID	prediction
Osse_2	0.0
Anbo_4	3.333333333000043
Osse_3	0.0
Rapi_3	1.6666666670000165
Anbo_2	0.0
Raca_5	1.6666666670000165
Raca_1	1.6666666670000165
Osse_5	3.333333333000043
Raca_2	3.333333333000043
Osse_4	0.0
Raca_6	0.0
Raca_4	3.333333333000043
Rhma_2	3.333333333000043
Anbo_3	0.0
Anbo_6	3.333333333000043
Rhma_8	3.333333333000043
