SampleID	prediction
1788.mck250Pre.4Osse.5	0.590366281783782
1788.mck239Pre.5Bubo.4	5.457217736809561
1788.mck241Pre.5Bubo.6	0.590366281783782
1788.mck203Pre.5Raca.1	0.590366281783782
1788.mck204Pre.5Raca.2	0.590366281783782
1788.mck249Pre.4Osse.4	0.590366281783782
1788.mck240Pre.5Bubo.5	6.069363636317286
1788.mck220Pre.5Buma.8	0.590366281783782
1788.mck221Pre.5Buma.9	0.590366281783782
1788.mck205Pre.5Raca.3	0.590366281783782
1788.mck247Pre.4Osse.2	0.590366281783782
