SampleID	prediction
Rhma_8	2.1909999999589975
Osse_4	0.8919999999650013
Raca_5	1.1773333332760036
Anbo_3	2.8303333333889924
Raca_2	1.2066666665870032
Anbo_4	2.5280000000179976
Rhma_9	2.2119999999579996
