SampleID	prediction
1788.mck220Pre.5Buma.8	2.919833333173763
1788.mck203Pre.5Raca.1	1.1815555554412045
1788.mck240Pre.5Bubo.5	5.408499999897527
1788.mck246Pre.4Osse.1	1.416277777675998
1788.mck251Pre.4Osse.6	1.9983055554646576
