SampleID	prediction
Rhma_9	2.8660000003059762
Osse_5	0.03266666667200001
Raca_2	2.8660000003059762
Anbo_2	0.03266666667200001
Osse_4	0.03266666667200001
Anbo_6	0.03266666667200001
Anbo_1	0.03266666667200001
Osse_2	0.03266666667200001
Raca_5	0.03266666667200001
Anbo_4	0.03266666667200001
Osse_6	0.03266666667200001
Raca_1	0.03266666667200001
Rhma_8	2.8660000003059762
Osse_3	0.03266666667200001
Anbo_3	1.124333333556993
Raca_4	2.8660000003059762
