SampleID	prediction
1788.mck214Pre.5Buma.2	1.0236367447256203
1788.mck248Pre.4Osse.3	1.0236367447256203
1788.mck241Pre.5Bubo.6	1.0236367447256203
