SampleID	prediction
1788.mck154Pre.4Raca.5	1.4186666665039966
1788.mck246Pre.4Osse.1	0.8796666666210017
1788.mck249Pre.4Osse.4	0.645
1788.mck236Pre.5Bubo.1	2.125333333359002
1788.mck240Pre.5Bubo.5	0.11000000001000002
1788.mck214Pre.5Buma.2	1.2320000000139997
1788.mck251Pre.4Osse.6	2.7125000000310004
1788.mck239Pre.5Bubo.4	2.283333333427003
1788.mck206Pre.5Raca.4	0.15
1788.mck237Pre.5Bubo.2	2.7021666666770017
1788.mck220Pre.5Buma.8	2.134999999998
