SampleID	prediction
Osse_2	1.4873333332459966
Anbo_3	2.564333333249003
Raca_3	1.300999999814001
Osse_4	1.224666666601
Anbo_6	2.4159999998980024
Anbo_2	2.4229999999069993
Osse_5	1.222666666606
Osse_1	0.9563333332710034
Rhma_2	2.148333333293996
