SampleID	prediction
Anbo_5	0.0
Raca_5	0.0
Rhma_2	7.666666666999894
Anbo_6	0.0
Rapi_3	0.0
Osse_1	0.0
Osse_4	0.0
Raca_4	2.3333333329999957
Anbo_1	7.666666666999894
Anbo_4	7.666666666999894
Rhma_8	2.3333333329999957
Raca_1	3.333333333000043
Raca_3	0.0
Raca_2	0.0
Osse_6	0.0
Anbo_3	0.0
