SampleID	prediction
Anbo_5	4.022053643681852
Anbo_4	3.7068982324244186
Rhma_9	2.375362289636358
Osse_3	1.280446043721813
Anbo_1	2.9806711640871755
