SampleID	prediction
Osse_1	1.3416666665829993
Osse_2	1.7009999999329974
Raca_4	1.6599999999569974
