SampleID	prediction
Anbo_5	0.444444444333329
Osse_4	0.444444444333329
Anbo_6	0.444444444333329
Osse_3	0.444444444333329
Raca_6	0.444444444333329
Osse_6	3.0
Raca_5	0.444444444333329
Anbo_4	0.444444444333329
Raca_3	0.444444444333329
Osse_1	3.0
Anbo_2	0.444444444333329
Raca_2	0.444444444333329
Raca_4	0.444444444333329
Anbo_3	0.444444444333329
