SampleID	prediction
Rhma_2	1.5089999999639974
Raca_2	0.6266666666190008
Raca_1	0.22566666659000112
