SampleID	prediction
Rapi_3	0.2958333332035019
Anbo_4	1.1711666668254963
Anbo_2	0.2958333332035019
Osse_6	1.1711666668254963
Raca_1	0.2958333332035019
Osse_3	2.202972222510262
Raca_2	0.2958333332035019
Anbo_5	3.3544444443370067
Rhma_2	1.1711666668254963
Osse_4	3.240994444769411
Osse_2	3.240994444769411
Raca_4	2.202972222510262
Osse_1	1.1711666668254963
Osse_5	3.240994444769411
Anbo_3	0.2958333332035019
Rhma_9	2.821994444769427
