SampleID	prediction
Osse_4	0.19047619042856967
Raca_5	0.19047619042856967
Rhma_8	0.19047619042856967
Raca_3	3.0
Raca_1	0.19047619042856967
Anbo_6	3.6666666669999466
Rhma_9	3.0
Osse_5	0.19047619042856967
Raca_2	0.19047619042856967
