SampleID	prediction
Anbo_5	4.666666666500001
Raca_1	4.666666666500001
Osse_2	4.666666666500001
Osse_3	4.666666666500001
Rhma_8	3.333333333000043
Anbo_6	4.666666666500001
Osse_4	4.666666666500001
Raca_6	4.666666666500001
Anbo_3	4.666666666500001
Osse_6	3.166666666500048
Anbo_2	4.666666666500001
Raca_4	4.666666666500001
Osse_1	3.166666666500048
Raca_2	4.666666666500001
