SampleID	prediction
Anbo_2	2.9603333332780055
Anbo_3	2.7350000000609986
Osse_3	1.5769999998949964
Rapi_3	2.3903333332959993
Raca_6	1.474999999895996
Raca_4	1.5346666666019984
Raca_3	0.5179999998219975
Osse_1	1.3229999998569981
Osse_6	1.5476666665379955
Anbo_4	2.621333333225001
Osse_5	1.7833333332099917
