SampleID	prediction
Rhma_2	2.591333333208001
Anbo_5	3.9799999998370303
Rapi_3	2.383999999809997
Osse_3	1.7623333331539892
Osse_2	2.2863333331689946
Anbo_6	5.389666666480047
Raca_2	1.3746666665109992
Osse_6	2.0743333331439877
Osse_1	1.7993333331609904
Anbo_2	4.335666666480039
Raca_4	1.535333333189994
