SampleID	prediction
Osse_4	1.3663333332253988
Raca_5	1.2936666667284002
Anbo_3	3.188666666799988
Anbo_1	3.971000000268348
Osse_2	0.022666666660999996
Rhma_2	2.902333333502386
Rhma_9	1.0763333333060003
Raca_6	3.0926666669043743
Osse_3	0.2986666666500001
Anbo_5	3.9443333333400017
Osse_1	2.092000000226417
