SampleID	prediction
Anbo_4	1.4993333333320003
Rhma_8	3.0146666664640174
Anbo_2	1.5006666666679995
Rhma_2	3.1803333332000134
Rapi_3	0.15833333317500078
Osse_3	0.8396666665900041
Anbo_6	1.3333333329999972
Raca_6	0.9249999998380084
Anbo_3	1.6666666670000165
Anbo_1	3.4153333334079887
Osse_2	2.8446666663880174
