SampleID	prediction
Rhma_9	2.6486666667080017
Raca_5	0.9656666666050027
Anbo_6	4.919333333329002
