SampleID	prediction
1788.mck249Pre.4Osse.4	1.3651499999560452
1788.mck250Pre.4Osse.5	1.6043792327631041
1788.mck251Pre.4Osse.6	1.4636059523360307
1788.mck203Pre.5Raca.1	1.1241708994285218
1788.mck185Pre.4Bubo.3	3.7590451057650975
1788.mck240Pre.5Bubo.5	4.523931745943976
1788.mck248Pre.4Osse.3	1.499984126949734
1788.mck204Pre.5Raca.2	1.1684990740260464
1788.mck220Pre.5Buma.8	2.840710846461714
