SampleID	prediction
Rhma_8	3.2296246030693694
Anbo_5	5.001138888869305
Raca_2	1.8894023808259603
Raca_3	1.856552380828314
Rhma_9	2.807607936436111
Raca_6	2.3172190474772028
Raca_5	1.8622468252833146
Raca_1	1.928980158625631
Osse_4	1.1542444443742863
