SampleID	prediction
Osse_3	1.1260000000509987
Rhma_2	3.257333333367998
Raca_4	2.590000000153995
Osse_6	1.0070000000349983
Anbo_4	4.088000000134976
Anbo_6	2.8343333334049965
Raca_1	2.8550000000389932
Raca_5	1.8433333334350064
Osse_4	1.713666666726002
Osse_5	0.5870000000380001
Rapi_3	1.6580000000600033
