SampleID	prediction
1788.mck236Pre.5Bubo.1	0.6546739888613766
1788.mck247Pre.4Osse.2	0.6546739888613766
1788.mck185Pre.4Bubo.3	0.6546739888613766
1788.mck239Pre.5Bubo.4	0.2436869592971987
1788.mck204Pre.5Raca.2	0.6546739888613766
1788.mck250Pre.4Osse.5	0.6546739888613766
1788.mck237Pre.5Bubo.2	0.6546739888613766
