SampleID	prediction
Anbo_3	4.642444444687948
Raca_3	0.5671812047476585
Osse_6	1.2100316616894846
