SampleID	prediction
Rhma_8	0.4348237011525739
Anbo_1	4.88143227520258
Rhma_2	0.4348237011525739
Rapi_3	0.4348237011525739
Raca_1	0.4348237011525739
Osse_6	0.4348237011525739
Anbo_4	5.492240091501686
Rhma_9	0.4348237011525739
Osse_3	0.4348237011525739
