SampleID	prediction
Anbo_2	2.0857197681139628
Anbo_1	1.9925436227233775
Osse_6	2.0857197681139628
Osse_4	2.0857197681139628
Anbo_5	2.8603822840508424
Osse_2	2.7492222223149922
Anbo_6	2.0857197681139628
