SampleID	prediction
Anbo_5	1.9082373015334322
Anbo_2	2.911807936445196
Raca_5	1.5667912696964217
Osse_5	1.0792031745688748
Raca_3	1.4208055554817123
Anbo_3	2.5282190475581268
Rhma_9	2.953841269808206
