SampleID	prediction
Osse_2	0.9844507936376535
Rapi_3	2.0750412698020595
Raca_4	1.2078253967890362
Osse_4	1.4868055555196649
Raca_1	1.3033301587028128
