SampleID	prediction
Anbo_6	3.201228766506729
Raca_3	1.5231353756058428
Raca_2	1.4795352396253505
