SampleID	prediction
1788.mck251Pre.4Osse.6	1.2036936507527682
1788.mck214Pre.5Buma.2	1.0801380951868844
1788.mck206Pre.5Raca.4	1.54428888885785
1788.mck204Pre.5Raca.2	0.8583888888524518
1788.mck250Pre.4Osse.5	1.2664158729883
