SampleID	prediction
Anbo_1	2.6160297618818764
Anbo_2	3.9371944443999265
Raca_6	1.776516666603542
Osse_4	0.8497880951986955
Osse_1	0.7527464285401562
