SampleID	prediction
Rhma_8	3.4286666665800114
Raca_6	1.9313333332809968
Osse_4	0.8929999999730006
Anbo_6	4.384333333324
Raca_1	2.003666666678001
