SampleID	prediction
Raca_6	2.0416666666619996
Raca_1	2.35633333325
Anbo_5	0.27166666666200007
Anbo_6	0.27166666666200007
Osse_5	2.0416666666619996
Rhma_8	1.8513333330879824
Raca_2	2.0416666666619996
Osse_2	0.27166666666200007
Osse_6	2.0416666666619996
Rhma_9	0.27166666666200007
Raca_3	0.27166666666200007
Anbo_3	2.0416666666619996
Raca_5	1.647999999774989
Osse_3	0.27166666666200007
Osse_4	0.27166666666200007
Anbo_4	2.35633333325
