SampleID	prediction
Rapi_3	1.9193269841073832
Raca_1	1.2586611110772004
Raca_5	1.0261492063070041
Rhma_9	2.666669841329619
Osse_6	0.9320007935805332
Raca_3	0.9927547618492714
Osse_5	1.0491261904360236
