SampleID	prediction
Osse_6	0.0
Osse_4	0.0
Rhma_2	0.0
Raca_4	1.3333333329999972
Osse_1	0.0
Raca_6	1.6666666670000165
Anbo_6	7.0
Rhma_8	0.0
Osse_5	0.0
Anbo_2	1.6666666670000165
Rhma_9	0.0
Anbo_4	3.333333333000043
Raca_2	0.0
Anbo_5	3.333333333000043
