SampleID	prediction
Rhma_2	2.253326984345795
Osse_5	0.3337190475368282
Anbo_1	0.3337190475368282
Anbo_5	1.3836611110941721
Anbo_4	2.253326984345795
Osse_1	0.3337190475368282
Anbo_3	0.3337190475368282
Rapi_3	0.3337190475368282
Anbo_2	0.3337190475368282
Raca_5	0.3337190475368282
Anbo_6	0.3337190475368282
Raca_1	0.3337190475368282
Osse_3	0.3337190475368282
Osse_6	0.3337190475368282
